REQUESTID,GYMID,REQUESTDATE,APPROVALSTATUS,APPROVALDATE,ADMINID
1,1,2024-05-13,Pending,,1
2,2,2024-05-13,Pending,,1
3,3,2024-05-13,Pending,,1
4,4,2024-05-13,Pending,,1
5,5,2024-05-13,Pending,,1
6,6,2024-05-13,Pending,,1
7,7,2024-05-13,Pending,,2
8,8,2024-05-13,Pending,,2
9,9,2024-05-13,Pending,,2
10,10,2024-05-13,Pending,,2
11,11,2024-05-13,Pending,,2
12,12,2024-05-13,Pending,,2
13,13,2024-05-13,Pending,,2
14,14,2024-05-13,Pending,,2
15,15,2024-05-13,Pending,,3
16,16,2024-05-13,Pending,,3
17,17,2024-05-13,Pending,,3
18,18,2024-05-13,Pending,,3
19,19,2024-05-13,Pending,,3
20,20,2024-05-13,Pending,,3
