REQUESTID,GYMOWNERID,TRAINERID,REQUESTDATE,APPROVALSTATUS,APPROVALDATE
1,1,1,2024-05-13,Pending,
2,2,2,2024-05-13,Pending,
3,3,3,2024-05-13,Pending,
4,4,4,2024-05-13,Pending,
5,5,5,2024-05-13,Pending,
6,6,6,2024-05-13,Pending,
7,7,7,2024-05-13,Pending,
8,8,8,2024-05-13,Pending,
9,9,9,2024-05-13,Pending,
10,10,10,2024-05-13,Pending,
11,11,11,2024-05-13,Pending,
12,12,12,2024-05-13,Pending,
13,13,13,2024-05-13,Pending,
14,14,14,2024-05-13,Pending,
15,15,15,2024-05-13,Pending,
16,16,16,2024-05-13,Pending,
17,17,17,2024-05-13,Pending,
18,18,18,2024-05-13,Pending,
19,19,19,2024-05-13,Pending,
20,20,20,2024-05-13,Pending,
