USERID,USERNAME,PASSWORD1,EMAIL,PHONENO
1,JOHNDOE1,PASSWORD1,JOHN.DOE1@EXAMPLE.COM,1234567890
2,JANEDOE2,PASSWORD2,JANE.DOE2@EXAMPLE.COM,0987654321
3,FARIS3,PASSWORD3,FARIS3@EXAMPLE.COM,5551234567
4,NASEEM4,PASSWORD4,NASEEM4@EXAMPLE.COM,5559876543
5,WAHEED5,PASSWORD5,WAHEED5@EXAMPLE.COM,5551112222
6,BADSHAH6,PASSWORD6,BADSHAH6@EXAMPLE.COM,5553334444
7,SAEED7,PASSWORD7,SAEED7@EXAMPLE.COM,5555551234
8,ALI8,PASSWORD8,ALI8@EXAMPLE.COM,5556667890
9,MICHAELJORDAN9,PASSWORD9,MICHAEL.JORDAN9@EXAMPLE.COM,5557778888
10,SERENAWILLIAMS10,PASSWORD10,SERENA.WILLIAMS10@EXAMPLE.COM,5559990000
11,DAVIDBECKHAM11,PASSWORD11,DAVID.BECKHAM11@EXAMPLE.COM,5552223333
12,MARIASHARAPOVA12,PASSWORD12,MARIA.SHARAPOVA12@EXAMPLE.COM,5554445555
13,CRISTIANORONALDO13,PASSWORD13,CRISTIANO.RONALDO13@EXAMPLE.COM,5556667777
14,NEYMARJR14,PASSWORD14,NEYMAR.JR14@EXAMPLE.COM,5558889999
15,ROGERFEDERER15,PASSWORD15,ROGER.FEDERER15@EXAMPLE.COM,5550001111
16,USAINBOLT16,PASSWORD16,USAIN.BOLT16@EXAMPLE.COM,5552223333
17,SIMONEBILES17,PASSWORD17,SIMONE.BILES17@EXAMPLE.COM,5554445555
18,LEBRONJAMES18,PASSWORD18,LEBRON.JAMES18@EXAMPLE.COM,5556667777
19,ALEXMORGAN19,PASSWORD19,ALEX.MORGAN19@EXAMPLE.COM,5558889999
20,KYLIANMBAPPE20,PASSWORD20,KYLIAN.MBAPPE20@EXAMPLE.COM,5550001111
21,NAOMIOSAKA21,PASSWORD21,NAOMI.OSAKA21@EXAMPLE.COM,5552223333
22,VIRATKOHLI22,PASSWORD22,VIRAT.KOHLI22@EXAMPLE.COM,5554445555
23,SERGIORAMOS23,PASSWORD23,SERGIO.RAMOS23@EXAMPLE.COM,5556667777
24,KEVINDEBRUYNE24,PASSWORD24,KEVIN.DEBRUYNE24@EXAMPLE.COM,5558889999
25,EDENHAZARD25,PASSWORD25,EDEN.HAZARD25@EXAMPLE.COM,5550001111
26,PELE26,PASSWORD26,PELE26@EXAMPLE.COM,5552223333
27,MESSI27,PASSWORD27,MESSI27@EXAMPLE.COM,5554445555
28,RONALDO28,PASSWORD28,RONALDO28@EXAMPLE.COM,5556667777
29,KARENSMITH29,PASSWORD29,KAREN.SMITH29@EXAMPLE.COM,2221113333
30,KEVINMILLER30,PASSWORD30,KEVIN.MILLER30@EXAMPLE.COM,3332224444
31,KYLETHOMAS31,PASSWORD31,KYLE.THOMAS31@EXAMPLE.COM,4443335555
32,KRISTENANDERSON32,PASSWORD32,KRISTEN.ANDERSON32@EXAMPLE.COM,5554443333
33,KENNETHGARCIA33,PASSWORD33,KENNETH.GARCIA33@EXAMPLE.COM,6665554444
34,KIMBERLYTAYLOR34,PASSWORD34,KIMBERLY.TAYLOR34@EXAMPLE.COM,7776665555
35,KAITLYNHARRIS35,PASSWORD35,KAITLYN.HARRIS35@EXAMPLE.COM,8887776666
36,KATHERINEMARTIN36,PASSWORD36,KATHERINE.MARTIN36@EXAMPLE.COM,9998887777
37,KEVINJONES37,PASSWORD37,KEVIN.JONES37@EXAMPLE.COM,0009998888
38,KELLYWILLIAMS38,PASSWORD38,KELLY.WILLIAMS38@EXAMPLE.COM,1110009999
39,KRISTOPHERWILSON39,PASSWORD39,KRISTOPHER.WILSON39@EXAMPLE.COM,2220001111
40,KATHRYNHARRIS40,PASSWORD40,KATHRYN.HARRIS40@EXAMPLE.COM,3331112222
41,KATHERINEHUGHES41,PASSWORD41,KATHERINE.HUGHES41@EXAMPLE.COM,4442223333
42,KENNETHWRIGHT42,PASSWORD42,KENNETH.WRIGHT42@EXAMPLE.COM,5553334444
43,KIMBERLYMOORE43,PASSWORD43,KIMBERLY.MOORE43@EXAMPLE.COM,6664445555
44,KAITLYNROBERTS44,PASSWORD44,KAITLYN.ROBERTS44@EXAMPLE.COM,7775556666
45,KRISTENWALKER45,PASSWORD45,KRISTEN.WALKER45@EXAMPLE.COM,8886667777
46,KYLEBROWN46,PASSWORD46,KYLE.BROWN46@EXAMPLE.COM,9997778888
47,KATHLEENMILLER47,PASSWORD47,KATHLEEN.MILLER47@EXAMPLE.COM,0008889999
48,KARENTHOMAS48,PASSWORD48,KAREN.THOMAS48@EXAMPLE.COM,1119990000
49,TAHIRSMITH49,BOLBOL,TAHIR.SMITH49@GMAIL.COM,8886667777
50,SHAHMEER50,BOLKAMAL,SHAHMEER50@GMAIL.COM,8886699777
51,JOHNDOE51,PASSWORD51,JOHN.DOE51@EXAMPLE.COM,1234567890
52,JANEDOE52,PASSWORD52,JANE.DOE52@EXAMPLE.COM,0987654321
53,FARIS53,PASSWORD53,FARIS53@EXAMPLE.COM,5551234567
54,NASEEM54,PASSWORD54,NASEEM54@EXAMPLE.COM,5559876543
55,WAHEED55,PASSWORD55,WAHEED55@EXAMPLE.COM,5551112222
56,BADSHAH56,PASSWORD56,BADSHAH56@EXAMPLE.COM,5553334444
57,SAEED57,PASSWORD57,SAEED57@EXAMPLE.COM,5555551234
58,ALI58,PASSWORD58,ALI58@EXAMPLE.COM,5556667890
59,MICHAELJORDAN59,PASSWORD59,MICHAEL.JORDAN59@EXAMPLE.COM,5557778888
60,SERENAWILLIAMS60,PASSWORD60,SERENA.WILLIAMS60@EXAMPLE.COM,5559990000
61,DAVIDBECKHAM61,PASSWORD61,DAVID.BECKHAM61@EXAMPLE.COM,5552223333
62,MARIASHARAPOVA62,PASSWORD62,MARIA.SHARAPOVA62@EXAMPLE.COM,5554445555
63,CRISTIANORONALDO63,PASSWORD63,CRISTIANO.RONALDO63@EXAMPLE.COM,5556667777
64,NEYMARJR64,PASSWORD64,NEYMAR.JR64@EXAMPLE.COM,5558889999
65,ROGERFEDERER65,PASSWORD65,ROGER.FEDERER65@EXAMPLE.COM,5550001111
66,USAINBOLT66,PASSWORD66,USAIN.BOLT66@EXAMPLE.COM,5552223333
67,SIMONEBILES67,PASSWORD67,SIMONE.BILES67@EXAMPLE.COM,5554445555
68,LEBRONJAMES68,PASSWORD68,LEBRON.JAMES68@EXAMPLE.COM,5556667777
69,ALEXMORGAN69,PASSWORD69,ALEX.MORGAN69@EXAMPLE.COM,5558889999
70,KYLIANMBAPPE70,PASSWORD70,KYLIAN.MBAPPE70@EXAMPLE.COM,5550001111
71,NAOMIOSAKA71,PASSWORD71,NAOMI.OSAKA71@EXAMPLE.COM,5552223333
72,VIRATKOHLI72,PASSWORD72,VIRAT.KOHLI72@EXAMPLE.COM,5554445555
73,SERGIORAMOS73,PASSWORD73,SERGIO.RAMOS73@EXAMPLE.COM,5556667777
74,KEVINDEBRUYNE74,PASSWORD74,KEVIN.DEBRUYNE74@EXAMPLE.COM,5558889999
75,EDENHAZARD75,PASSWORD75,EDEN.HAZARD75@EXAMPLE.COM,5550001111
76,PELE76,PASSWORD76,PELE76@EXAMPLE.COM,5552223333
77,MESSI77,PASSWORD77,MESSI77@EXAMPLE.COM,5554445555
78,RONALDO78,PASSWORD78,RONALDO78@EXAMPLE.COM,5556667777
79,KARENSMITH79,PASSWORD79,KAREN.SMITH79@EXAMPLE.COM,2221113333
80,KEVINMILLER80,PASSWORD80,KEVIN.MILLER80@EXAMPLE.COM,3332224444
81,KYLETHOMAS81,PASSWORD81,KYLE.THOMAS81@EXAMPLE.COM,4443335555
82,KRISTENANDERSON82,PASSWORD82,KRISTEN.ANDERSON82@EXAMPLE.COM,5554443333
83,KENNETHGARCIA83,PASSWORD83,KENNETH.GARCIA83@EXAMPLE.COM,6665554444
84,KIMBERLYTAYLOR84,PASSWORD84,KIMBERLY.TAYLOR84@EXAMPLE.COM,7776665555
85,KAITLYNHARRIS85,PASSWORD85,KAITLYN.HARRIS85@EXAMPLE.COM,8887776666
86,KATHERINEMARTIN86,PASSWORD86,KATHERINE.MARTIN86@EXAMPLE.COM,9998887777
87,KEVINJONES87,PASSWORD87,KEVIN.JONES87@EXAMPLE.COM,0009998888
88,KELLYWILLIAMS88,PASSWORD88,KELLY.WILLIAMS88@EXAMPLE.COM,1110009999
89,KRISTOPHERWILSON89,PASSWORD89,KRISTOPHER.WILSON89@EXAMPLE.COM,2220001111
90,KATHRYNHARRIS90,PASSWORD90,KATHRYN.HARRIS90@EXAMPLE.COM,3331112222
91,KATHERINEHUGHES91,PASSWORD91,KATHERINE.HUGHES91@EXAMPLE.COM,4442223333
92,KENNETHWRIGHT92,PASSWORD92,KENNETH.WRIGHT92@EXAMPLE.COM,5553334444
93,KIMBERLYMOORE93,PASSWORD93,KIMBERLY.MOORE93@EXAMPLE.COM,6664445555
94,KAITLYNROBERTS94,PASSWORD94,KAITLYN.ROBERTS94@EXAMPLE.COM,7775556666
95,KRISTENWALKER95,PASSWORD95,KRISTEN.WALKER95@EXAMPLE.COM,8886667777
96,KYLEBROWN96,PASSWORD96,KYLE.BROWN96@EXAMPLE.COM,9997778888
97,KATHLEENMILLER97,PASSWORD97,KATHLEEN.MILLER97@EXAMPLE.COM,0008889999
98,KARENTHOMAS98,PASSWORD98,KAREN.THOMAS98@EXAMPLE.COM,1119990000
99,TAHIRSMITH99,BOLBOL,TAHIR.SMITH99@GMAIL.COM,8886667777
100,SHAHMEER100,BOLKAMAL,SHAHMEER100@GMAIL.COM,8886699777
